name;email;telephone
Pavia Jachimiak;pjachimiak0@gizmodo.com;9616010578
Rem Moseley;rmoseley1@ustream.tv;2707258222
Beverlee Girardoni;bgirardoni2@ca.gov;6758087161
Reginald Blatcher;rblatcher3@mysql.com;7505086383
Basil Caudrey;bcaudrey4@chron.com;9345532586
Brander Powner;bpowner5@cbsnews.com;5238721998
Winnah Draysay;wdraysay6@biglobe.ne.jp;8734038257
Gregory Stickels;gstickels7@twitter.com;2028407458
Lamar Chesworth;lchesworth8@about.com;3701230100
Floyd Marieton;fmarieton9@home.pl;9465980205
Mozes Poinsett;mpoinsetta@state.gov;1104765431
Raquel Tyer;rtyerb@oaic.gov.au;2851693009
Wynny Ells;wellsc@360.cn;6234559572
Britteny Howsin;bhowsind@ucla.edu;1391475070
Sol Coal;scoale@reuters.com;2063090020
Boyd Ackenson;backensonf@guardian.co.uk;9297771998
Emory Davet;edavetg@sakura.ne.jp;2249920470
Pearla MacVean;pmacveanh@yahoo.com;2827695455
Mandel Bumphrey;mbumphreyi@reverbnation.com;7449145408
Tommi Gergus;tgergusj@drupal.org;1458317659
Demetris Rattrie;drattriek@apple.com;2233182338
Land Boule;lboulel@bloglines.com;1246744136
Estele Vinas;evinasm@disqus.com;9888038664
Malvina Maher;mmahern@unblog.fr;9374358223
Frederico Royson;froysono@printfriendly.com;3353523924
Colin Alesin;calesinp@bbc.co.uk;1519930136
Riki Pether;rpetherq@scribd.com;5774484747
Kirsteni Chittleburgh;kchittleburghr@unesco.org;4865398287
Dahlia Mebes;dmebess@bloomberg.com;8995785813
Tedie Rappoport;trappoportt@pen.io;3405876970
Finlay McCrossan;fmccrossanu@va.gov;5562994723
Kali Orringe;korringev@toplist.cz;3614231624
Dalis Beresfore;dberesforew@prweb.com;5574767527
Giavani Pakeman;gpakemanx@cbsnews.com;7943837518
Patrizia Leeves;pleevesy@about.com;6803348262
Moritz Armatage;marmatagez@wp.com;9215254461
Lorrie de Clerc;lde10@nsw.gov.au;7412864034
Lebbie Yardy;lyardy11@google.com.au;9559604143
Constantine Wetheril;cwetheril12@yale.edu;1112236102
Valencia Lowater;vlowater13@goodreads.com;5584312641
Ailene Tomkowicz;atomkowicz14@godaddy.com;9876088667
Gilbertine Sydenham;gsydenham15@ocn.ne.jp;9668185785
Jackson Grivori;jgrivori16@google.fr;1761953146
Godart Huddle;ghuddle17@foxnews.com;8139054170
Bette Klais;bklais18@uiuc.edu;9457561547
Deb Gors;dgors19@wufoo.com;7044198828
Sibylla Kermitt;skermitt1a@cbsnews.com;5741234164
Rufe Segebrecht;rsegebrecht1b@shareasale.com;9067403567
Porter Bavester;pbavester1c@nasa.gov;6717319628
Erminia Luggar;eluggar1d@youtube.com;2168948276
Morse Uttley;muttley1e@dropbox.com;1196087884
Karina McAuslene;kmcauslene1f@netvibes.com;7825414214
Joete Worts;jworts1g@upenn.edu;6052522444
Shae de'-Ancy Willis;sdeancy1h@npr.org;6021659659
Dionysus Mackriell;dmackriell1i@facebook.com;8474919550
Neilla Holah;nholah1j@tiny.cc;5175523883
Allix Staig;astaig1k@vimeo.com;8636358709
Korie Tate;ktate1l@virginia.edu;8711881092
Mordecai Edginton;medginton1m@smh.com.au;4394285294
Caro Swinfen;cswinfen1n@xing.com;4046613537
Lyda Burnes;lburnes1o@hubpages.com;5904781746
Danny Willeson;dwilleson1p@prlog.org;9099760559
Minerva Graser;mgraser1q@indiatimes.com;2654472148
Ellary Borel;eborel1r@xinhuanet.com;3325789962
Paulita Dulwitch;pdulwitch1s@vkontakte.ru;3304419242
Doralynn Francesch;dfrancesch1t@phoca.cz;6103696189
Nelson MacCallum;nmaccallum1u@cyberchimps.com;3171476784
Harley Muzzlewhite;hmuzzlewhite1v@quantcast.com;6779154509
Lucy Povele;lpovele1w@google.co.uk;6567598626
Noam Dugood;ndugood1x@google.com.hk;7533129010
Desdemona Simionescu;dsimionescu1y@trellian.com;7478024710
Petronilla Cumberlidge;pcumberlidge1z@smh.com.au;3666686283
Leo Colebourne;lcolebourne20@wisc.edu;2112111638
Scotty Bleything;sbleything21@woothemes.com;8189819784
Kincaid Raycroft;kraycroft22@tiny.cc;1504474088
Cchaddie Lyles;clyles23@toplist.cz;5683880712
Opal Siebert;osiebert24@mapy.cz;3086984659
Laurette Robison;lrobison25@jalbum.net;1256764026
Ardenia Trewman;atrewman26@multiply.com;1449013009
Gene Tunmore;gtunmore27@xing.com;2478359654
Annabell Flook;aflook28@technorati.com;7246650312
Grier Clohissy;gclohissy29@cmu.edu;2262229895
Brier Gobert;bgobert2a@nih.gov;7602294896
Anabelle Oakly;aoakly2b@comsenz.com;1263343511
Val Townley;vtownley2c@examiner.com;3617917624
Leslie Seabourne;lseabourne2d@cargocollective.com;3976338912
Elisabet Dreelan;edreelan2e@wufoo.com;2155655573
Kattie McKeeman;kmckeeman2f@samsung.com;3217961960
Aretha Abry;aabry2g@hatena.ne.jp;5534312222
Griswold Devanney;gdevanney2h@addthis.com;9332265700
Yettie Sotham;ysotham2i@sogou.com;7678515312
Armin Rase;arase2j@cnbc.com;3379528279
Pierette Aslie;paslie2k@google.ru;9821477338
Bronson Skakunas;bskakunas2l@squidoo.com;5137740055
Twila Alban;talban2m@digg.com;4049804603
Bar Dun;bdun2n@dailymotion.com;4831697704
Lesly Lunnon;llunnon2o@mozilla.org;1143213240
Maynord Sager;msager2p@sciencedirect.com;5755923961
Rowan Carnilian;rcarnilian2q@networksolutions.com;2729659125
Armstrong Follett;afollett2r@360.cn;7241581500
